"id","code_dpt","nom_dpt","num_circ","nom"
"01001","01","AIN",1,"Laurent MALLET"
"01002","01","AIN",2,"Marie-Jeanne BÉGUET"
"01003","01","AIN",3,"Olga GIVERNET"
"01004","01","AIN",4,"Stéphane TROMPILLE"
"01005","01","AIN",5,"Hélène DE MEIRE"
"02001","02","AISNE",1,"Aude BONO"
"03001","03","ALLIER",1,"Pauline RIVIERE"
"03002","03","ALLIER",2,"Laurence VANCEUNEBROCK-MIALON"
"03003","03","ALLIER",3,"Bénédicte PEYROL"
"04001","04","ALPES-DE-HAUTE-PROVENCE",1,"Delphine BAGARRY"
"04002","04","ALPES-DE-HAUTE-PROVENCE",2,"Christophe CASTANER"
"05001","05","HAUTES-ALPES",1,"Pascale BOYER"
"06001","06","ALPES-MARITIMES",1,"Caroline REVERSO-MEINIETTI"
"06004","06","ALPES-MARITIMES",4,"Alexandra VALETTA ARDISSON"
"06006","06","ALPES-MARITIMES",6,"Nathalie AUDIN"
"06007","06","ALPES-MARITIMES",7,"Khaled BEN ABDERAHMANE"
"06008","06","ALPES-MARITIMES",8,"Philippe BUERCH"
"06009","06","ALPES-MARITIMES",9,"Dominique FILLEBEEN"
"07002","07","ARDECHE",2,"Laurette GOUYET-POMMARET"
"07003","07","ARDECHE",3,"Matthieu PEYRAUD"
"08001","08","ARDENNES",1,"Jean Pierre MORALI"
"08002","08","ARDENNES",2,"Mario IGLESIAS"
"08003","08","ARDENNES",3,"Christelle VORILLION"
"09002","09","ARIEGE",2,"Huguette BERTRAND VINZERICH"
"10001","10","AUBE",1,"Gregory BESSON-MOREAU"
"10002","10","AUBE",2,"Djamila HADDAD"
"11001","11","AUDE",1,"Danièle HERIN"
"11002","11","AUDE",2,"Alain PEREA"
"11003","11","AUDE",3,"Mireille ROBERT"
"12001","12","AVEYRON",1,"Stéphane MAZARS"
"12002","12","AVEYRON",2,"Anne BLANC"
"12003","12","AVEYRON",3,"Jean-Louis AUSTRUY"
"13001","13","BOUCHES-DU-RHONE",1,"Pascal CHAMASSIAN"
"13002","13","BOUCHES-DU-RHONE",2,"Claire PITOLLAT"
"13004","13","BOUCHES-DU-RHONE",4,"Corinne VERSINI"
"13005","13","BOUCHES-DU-RHONE",5,"Cathy RACON-BOUZON"
"13006","13","BOUCHES-DU-RHONE",6,"Eléonore LEPRETRE"
"13007","13","BOUCHES-DU-RHONE",7,"Haouaria HADJ-CHIKH"
"13008","13","BOUCHES-DU-RHONE",8,"Jean-Marc ZULESI"
"13009","13","BOUCHES-DU-RHONE",9,"Sylvie BRUNET"
"13010","13","BOUCHES-DU-RHONE",10,"François-Michel LAMBERT"
"13012","13","BOUCHES-DU-RHONE",12,"Céline GAILHAC"
"13014","13","BOUCHES-DU-RHONE",14,"Anne-Laurence PETEL"
"13015","13","BOUCHES-DU-RHONE",15,"Nathalie FARRO"
"13016","13","BOUCHES-DU-RHONE",16,"Monica MICHEL"
"14002","14","CALVADOS",2,"Eric HALPHEN"
"14004","14","CALVADOS",4,"Christophe BLANCHET"
"14005","14","CALVADOS",5,"Bertrand BOUYX"
"15001","15","CANTAL",1,"François DANEMANS"
"15002","15","CANTAL",2,"Patricia ROCHES"
"16001","16","CHARENTE",1,"Thomas MESNIER"
"16002","16","CHARENTE",2,"Sandra MARSAUD"
"16003","16","CHARENTE",3,"Madeleine NGOMBET BITOO"
"17001","17","CHARENTE-MARITIME",1,"Otilia FERREIRA"
"17002","17","CHARENTE-MARITIME",2,"Frederique GUEREAU - TUFFNELL"
"17003","17","CHARENTE-MARITIME",3,"Jean Philippe ARDOUIN"
"17004","17","CHARENTE-MARITIME",4,"Raphael GERARD"
"17005","17","CHARENTE-MARITIME",5,"Christian GERIN"
"18001","18","CHER",1,"François CORMIER-BOULIGEON"
"18002","18","CHER",2,"Nadia ESSAYAN"
"18003","18","CHER",3,"Loic KERVRAN"
"19001","19","CORREZE",1,"Christophe JERRETIE"
"19002","19","CORREZE",2,"Patricia BORDAS"
"21003","21","COTE-D'OR",3,"Fadila KHATTABI"
"21004","21","COTE-D'OR",4,"Yolaine DE COURSON"
"21005","21","COTE-D'OR",5,"Didier PARIS"
"22001","22","COTES-D'ARMOR",1,"Bruno JONCOUR"
"22002","22","COTES-D'ARMOR",2,"Hervé BERVILLE"
"22003","22","COTES-D'ARMOR",3,"Olivier ALAIN"
"23001","23","CREUSE",1,"Jean-Baptiste MOREAU"
"24001","24","DORDOGNE",1,"Philippe CHASSAING"
"24002","24","DORDOGNE",2,"Michel DELPON"
"24004","24","DORDOGNE",4,"Jacqueline DUBOIS"
"25001","25","DOUBS",1,"Fannette CHARVIER"
"25003","25","DOUBS",3,"Denis SOMMER"
"25004","25","DOUBS",4,"Frédéric BARBIER"
"25005","25","DOUBS",5,"Sylvie LE HIR"
"26001","26","DROME",1,"Mireille CLAPOT"
"26002","26","DROME",2,"Alice THOUROT"
"26004","26","DROME",4,"Latifa CHAY"
"27002","27","EURE",2,"Fabien GOUTTEFARDE"
"27003","27","EURE",3,"Marie TAMARELLE"
"27004","27","EURE",4,"Bruno QUESTEL"
"27005","27","EURE",5,"Claire OPETIT"
"28001","28","EURE-ET-LOIR",1,"Guillaume KASBARIAN"
"28002","28","EURE-ET-LOIR",2,"Claire Tassadit HOUD"
"28004","28","EURE-ET-LOIR",4,"Clémence ROUVIER"
"29001","29","FINISTERE",1,"Annaïg LE MEUR-ROUX"
"29002","29","FINISTERE",2,"Jean-Charles LARSONNEUR"
"29003","29","FINISTERE",3,"Didier LE GAC"
"29004","29","FINISTERE",4,"Sandrine LE FEUR"
"29005","29","FINISTERE",5,"Graziella MELCHIOR"
"29006","29","FINISTERE",6,"Richard FERRAND"
"29007","29","FINISTERE",7,"Liliane TANGUY"
"29008","29","FINISTERE",8,"Erwan BALANANT"
"2A001","2A","CORSE-DU-SUD",1,"Maria GUIDICELLI"
"2A002","2A","CORSE-DU-SUD",2,"Jean Charles ORSUCCI"
"2B001","2B","HAUTE-CORSE",1,"Francois ORLANDI"
"2B002","2B","HAUTE-CORSE",2,"Francis GIUDICI"
"30001","30","GARD",1,"Françoise DUMAS"
"30002","30","GARD",2,"Marie SARA"
"30003","30","GARD",3,"Anthony CELLIER"
"30004","30","GARD",4,"Annie CHAPELIER"
"30005","30","GARD",5,"Olivier GAILLARD"
"31001","31","HAUTE-GARONNE",1,"Pierre CABARE"
"31002","31","HAUTE-GARONNE",2,"Jean-Luc LAGLEIZE"
"31003","31","HAUTE-GARONNE",3,"Corinne VIGNON"
"31004","31","HAUTE-GARONNE",4,"Mickael NOGAL"
"31006","31","HAUTE-GARONNE",6,"Monique IBORRA"
"31007","31","HAUTE-GARONNE",7,"Elisabeth TOUTUT-PICARD"
"31009","31","HAUTE-GARONNE",9,"Sandrine MORCH"
"31010","31","HAUTE-GARONNE",10,"Sebastien NADOT"
"32001","32","GERS",1,"Jean-René CAZENEUVE"
"32002","32","GERS",2,"Christophe SOCCIO"
"33001","33","GIRONDE",1,"Dominique DAVID"
"33002","33","GIRONDE",2,"Catherine FABRE"
"33003","33","GIRONDE",3,"Marik FETOUH"
"33004","33","GIRONDE",4,"Aziz SKALLI BOUAZIZA"
"33005","33","GIRONDE",5,"Benoit SIMIAN"
"33006","33","GIRONDE",6,"Eric POULLIAT"
"33007","33","GIRONDE",7,"Bérangère COUILLARD"
"33008","33","GIRONDE",8,"Sophie PANONACLE"
"33009","33","GIRONDE",9,"Sophie METTE"
"33010","33","GIRONDE",10,"Florent BOUDIE"
"33011","33","GIRONDE",11,"Véronique HAMMERER"
"33012","33","GIRONDE",12,"Christelle DUBOS"
"34001","34","HERAULT",1,"Patricia MIRALLES"
"34002","34","HERAULT",2,"Stéphanie JANNIN"
"34003","34","HERAULT",3,"Coralie DUBOST"
"34004","34","HERAULT",4,"Jean-François ELIAOU"
"34005","34","HERAULT",5,"Philippe HUPPE"
"34006","34","HERAULT",6,"Isabelle VOYER"
"34009","34","HERAULT",9,"Patrick VIGNAL"
"35001","35","ILLE-ET-VILAINE",1,"Mustapha LAABID"
"35002","35","ILLE-ET-VILAINE",2,"Gaspard GANTZER"
"35004","35","ILLE-ET-VILAINE",4,"Gaël LE BOHEC"
"35005","35","ILLE-ET-VILAINE",5,"Christine CLOAREC"
"35007","35","ILLE-ET-VILAINE",7,"Valérie FRIBOLLE"
"35008","35","ILLE-ET-VILAINE",8,"Florian BACHELIER"
"36001","36","INDRE",1,"Emilie FARMAN"
"36002","36","INDRE",2,"Sophie GUERIN"
"37001","37","INDRE-ET-LOIRE",1,"Philippe CHALUMEAU"
"37002","37","INDRE-ET-LOIRE",2,"Daniel LABARONNE"
"37004","37","INDRE-ET-LOIRE",4,"Fabienne COLBOC"
"37005","37","INDRE-ET-LOIRE",5,"Sabine THILLAYE"
"38001","38","ISERE",1,"Olivier VERAN"
"38002","38","ISERE",2,"Jean-Charles COLAS-ROY"
"38003","38","ISERE",3,"Emilie CHALAS"
"38005","38","ISERE",5,"Catherine KAMOWSKI"
"38006","38","ISERE",6,"Cendra MOTIN"
"38007","38","ISERE",7,"Monique LIMON"
"38008","38","ISERE",8,"Caroline ABADIE"
"38009","38","ISERE",9,"Elodie JACQUIER LAFORGE"
"40002","40","LANDES",2,"Lionel CAUSSE"
"40003","40","LANDES",3,"Jean Pierre Louis STEINER"
"41002","41","LOIR-ET-CHER",2,"Jean-Luc BRAULT"
"41003","41","LOIR-ET-CHER",3,"Christine JAGUENEAU"
"42002","42","LOIRE",2,"Jean-Michel MIS"
"42003","42","LOIRE",3,"Valéria MUNTIAN"
"42004","42","LOIRE",4,"David KAUFFER"
"42006","42","LOIRE",6,"Julien BOROWCZYK"
"43001","43","HAUTE-LOIRE",1,"Cécile GALLIEN"
"43002","43","HAUTE-LOIRE",2,"Pierre ETEOCLE"
"44001","44","LOIRE-ATLANTIQUE",1,"François DE RUGY"
"44002","44","LOIRE-ATLANTIQUE",2,"Valérie OPPELT"
"44003","44","LOIRE-ATLANTIQUE",3,"Anne-France BRUNET"
"44004","44","LOIRE-ATLANTIQUE",4,"Aude AMADOU"
"44006","44","LOIRE-ATLANTIQUE",6,"Yves DANIEL"
"44007","44","LOIRE-ATLANTIQUE",7,"Sandrine JOSSO"
"44008","44","LOIRE-ATLANTIQUE",8,"Audrey DUFEU SCHUBERT"
"44010","44","LOIRE-ATLANTIQUE",10,"Sophie ERRANTE"
"45001","45","LOIRET",1,"Stéphanie RIST"
"45002","45","LOIRET",2,"Emmanuel CONSTANTIN"
"45003","45","LOIRET",3,"Jihan CHELLY"
"45004","45","LOIRET",4,"Mélusine HARLE"
"45005","45","LOIRET",5,"David SIMONNET"
"45006","45","LOIRET",6,"Richard RAMOS"
"46001","46","LOT",1,"Sébastien MAUREL"
"46002","46","LOT",2,"Huguette TIEGNA"
"47001","47","LOT-ET-GARONNE",1,"Michel LAUZZANA"
"47002","47","LOT-ET-GARONNE",2,"Alexandre FRESCHI"
"47003","47","LOT-ET-GARONNE",3,"Olivier DAMAISIN"
"48001","48","LOZERE",1,"Francis PALOMBI"
"49001","49","MAINE-ET-LOIRE",1,"Matthieu ORPHELIN"
"49002","49","MAINE-ET-LOIRE",2,"Stella DUPONT"
"49003","49","MAINE-ET-LOIRE",3,"Anne BARRAULT"
"49004","49","MAINE-ET-LOIRE",4,"Laetitia SAINT-PAUL"
"49005","49","MAINE-ET-LOIRE",5,"Denis MASSEGLIA"
"49006","49","MAINE-ET-LOIRE",6,"Nicole DUBRE CHIRAT"
"50001","50","MANCHE",1,"Hervé HOUEL"
"50002","50","MANCHE",2,"Bertrand SORRE"
"50003","50","MANCHE",3,"Stéphane TRAVERT"
"50004","50","MANCHE",4,"Blaise MISLER"
"51002","51","MARNE",2,"Claire VERNET-GARNIER"
"51003","51","MARNE",3,"Eric GIRARDIN"
"51005","51","MARNE",5,"Bertrand TREPO"
"52001","52","HAUTE-MARNE",1,"Bérangère ABBA"
"52002","52","HAUTE-MARNE",2,"Vincent BERTHET"
"53003","53","MAYENNE",3,"Josselin CHOUZY"
"54003","54","MEURTHE-ET-MOSELLE",3,"Xavier PALUSZKIEWICZ"
"54004","54","MEURTHE-ET-MOSELLE",4,"Philippe BUZZI"
"54005","54","MEURTHE-ET-MOSELLE",5,"Marion BUCHET"
"55001","55","MEUSE",1,"Diana ANDRE"
"55002","55","MEUSE",2,"Emilie CARIOU"
"56001","56","MORBIHAN",1,"Hortense LE PAPE"
"56002","56","MORBIHAN",2,"Gérard PILLET"
"56003","56","MORBIHAN",3,"Nicole LE PEIH"
"56004","56","MORBIHAN",4,"Paul MOLAC"
"56006","56","MORBIHAN",6,"Jean-Michel JACQUES"
"57001","57","MOSELLE",1,"Belkhir BELHADDAD"
"57002","57","MOSELLE",2,"Ludovic MENDES"
"57003","57","MOSELLE",3,"Richard LIOGER"
"57004","57","MOSELLE",4,"Mathilde HUCHOT"
"58001","58","NIEVRE",1,"Perrine GOULET"
"58002","58","NIEVRE",2,"Patrice PERROT"
"59001","59","NORD",1,"Christophe ITIER"
"59003","59","NORD",3,"Christophe DI POMPEO"
"59004","59","NORD",4,"Brigitte LISO"
"59005","59","NORD",5,"Guillaume DEKONINCK"
"59006","59","NORD",6,"Charlotte LECOQ"
"59007","59","NORD",7,"Arnaud VERSPIEREN"
"59008","59","NORD",8,"Catherine OSSON"
"59009","59","NORD",9,"Valérie PETIT"
"59010","59","NORD",10,"Sophie TAIEB"
"59011","59","NORD",11,"Laurent PIETRASZEWSKY"
"59012","59","NORD",12,"Valérie LHEUREUX"
"59014","59","NORD",14,"Julien LEMAITTE"
"59015","59","NORD",15,"Jennifer DE TEMMERMAN"
"59017","59","NORD",17,"Dimitri HOUBRON"
"59018","59","NORD",18,"Claire POMMEYROLE"
"59020","59","NORD",20,"Daniel ZIELINSKI"
"60001","60","OISE",1,"Denis FLOUR"
"60002","60","OISE",2,"Agnès THILL"
"60003","60","OISE",3,"Pascal BOIS"
"60004","60","OISE",4,"Emmanuelle BOUR POITRINAL"
"60005","60","OISE",5,"Fatima MASSAU"
"60006","60","OISE",6,"Carole BUREAU-BONNARD"
"60007","60","OISE",7,"Jean-Francois DARDENNE"
"61002","61","ORNE",2,"Ophélie LEROUGE"
"61003","61","ORNE",3,"Isabelle BOSCHER"
"62001","62","PAS-DE-CALAIS",1,"Bruno DUVERGÉ"
"62004","62","PAS-DE-CALAIS",4,"Thibault GUILLY"
"62005","62","PAS-DE-CALAIS",5,"Jean Pierre PONT"
"62006","62","PAS-DE-CALAIS",6,"Brigitte BOURGUIGNON"
"62008","62","PAS-DE-CALAIS",8,"Benoit POTTERIE"
"62009","62","PAS-DE-CALAIS",9,"Stéphane SAINT ANDRE"
"62010","62","PAS-DE-CALAIS",10,"Laurence DESCHANEL"
"62011","62","PAS-DE-CALAIS",11,"Anne ROQUET"
"62012","62","PAS-DE-CALAIS",12,"Coralie REMBERT"
"63001","63","PUY-DE-DOME",1,"Valérie THOMAS"
"63002","63","PUY-DE-DOME",2,"Mohand HAMOUMOU"
"63003","63","PUY-DE-DOME",3,"Laurence VICHNIEVSKY"
"63005","63","PUY-DE-DOME",5,"Sébastien GARDETTE"
"64001","64","PYRENEES-ATLANTIQUES",1,"Josie PUEYTO"
"64004","64","PYRENEES-ATLANTIQUES",4,"Loic CORREGE"
"64005","64","PYRENEES-ATLANTIQUES",5,"Florence LASSERRE"
"65001","65","HAUTES-PYRENEES",1,"Jean-Bernard SEMPASTOUS"
"65002","65","HAUTES-PYRENEES",2,"Marie Agnes STARICKY"
"66001","66","PYRENEES-ORIENTALES",1,"Romain GRAU"
"66004","66","PYRENEES-ORIENTALES",4,"Sebastien CAZENOVE"
"67001","67","BAS-RHIN",1,"Thierry MICHELS"
"67003","67","BAS-RHIN",3,"Bruno STUDER"
"67004","67","BAS-RHIN",4,"Martine WONNER"
"67005","67","BAS-RHIN",5,"Eliane TOMASZEWSKI"
"67006","67","BAS-RHIN",6,"Guy SALOMON"
"67007","67","BAS-RHIN",7,"Antoinette DE SANTIS"
"67008","67","BAS-RHIN",8,"Christian GLIECH"
"67009","67","BAS-RHIN",9,"Vincent THIEBAUT"
"68001","68","HAUT-RHIN",1,"Stéphanie VILLEMIN"
"68003","68","HAUT-RHIN",3,"Patrick STRIBY"
"68004","68","HAUT-RHIN",4,"Aurélie TACQUARD"
"69001","69","RHONE",1,"Thomas RUDIGOZ"
"69002","69","RHONE",2,"Hubert JULIEN LAFERRIERE"
"69003","69","RHONE",3,"Jean-Louis TOURAINE"
"69004","69","RHONE",4,"Anne BRUGNERA"
"69005","69","RHONE",5,"Blandine BROCART"
"69006","69","RHONE",6,"Bruno BONNELL"
"69007","69","RHONE",7,"Anissa KHEDHER"
"69009","69","RHONE",9,"Marion RIOU"
"69010","69","RHONE",10,"Thomas GASSILOUD"
"69011","69","RHONE",11,"Jean-Luc FUGIT"
"69012","69","RHONE",12,"Cyrille ISAAC-SYBILLE"
"69013","69","RHONE",13,"Danielle CAZARIAN"
"69014","69","RHONE",14,"Yves BLEIN"
"70001","70","HAUTE-SAONE",1,"Barbara BESSOT BALLOT"
"71001","71","SAONE-ET-LOIRE",1,"Benjamin DIRX"
"71003","71","SAONE-ET-LOIRE",3,"Rémy REBEYROTTE"
"71005","71","SAONE-ET-LOIRE",5,"Raphael GAUVAIN"
"72001","72","SARTHE",1,"Damien PICHEREAU"
"72002","72","SARTHE",2,"Aurélie PEROT"
"72003","72","SARTHE",3,"Pascale FONTENEL PERSONNE"
"72005","72","SARTHE",5,"Willy COLIN"
"73004","73","SAVOIE",4,"Patrick MIGNOLA"
"74001","74","HAUTE-SAVOIE",1,"Véronique RIOTTON"
"74002","74","HAUTE-SAVOIE",2,"Frédérique LARDET"
"74003","74","HAUTE-SAVOIE",3,"Guillaume GIBOUIN"
"74004","74","HAUTE-SAVOIE",4,"Laura DEVIN"
"74005","74","HAUTE-SAVOIE",5,"Marion LENNE"
"74006","74","HAUTE-SAVOIE",6,"Xavier ROSEREN"
"75003","75","PARIS",3,"Stanislas GUERINI"
"75005","75","PARIS",5,"Benjamin GRIVEAUX"
"75008","75","PARIS",8,"Laetitia AVIA"
"75013","75","PARIS",13,"Hugues RENSON"
"75014","75","PARIS",14,"Valérie BOUGAULT"
"75016","75","PARIS",16,"Mounir MAHJOUBI"
"76001","76","SEINE-MARITIME",1,"Damien ADAM"
"76002","76","SEINE-MARITIME",2,"Annie VIDAL"
"76003","76","SEINE-MARITIME",3,"William Vladimir TCHAMAHA PATIPE"
"76006","76","SEINE-MARITIME",6,"Philippe DUFOUR"
"76008","76","SEINE-MARITIME",8,"Béatrice DELAMOTTE"
"76009","76","SEINE-MARITIME",9,"Stéphanie KERBARH"
"76010","76","SEINE-MARITIME",10,"Xavier BATUT"
"77001","77","SEINE-ET-MARNE",1,"Aude LUQUET"
"77002","77","SEINE-ET-MARNE",2,"Valérie PETIT"
"77004","77","SEINE-ET-MARNE",4,"Emmanuel MARCADET"
"77006","77","SEINE-ET-MARNE",6,"Laetitia MARTIG DECES"
"77007","77","SEINE-ET-MARNE",7,"Rodrigue KOKOUENDO"
"77008","77","SEINE-ET-MARNE",8,"Jean-Michel FAUVERGUE"
"77010","77","SEINE-ET-MARNE",10,"Stéphanie DO"
"77011","77","SEINE-ET-MARNE",11,"Amandine RUBINELLI"
"78001","78","YVELINES",1,"Didier BAICHERE"
"78002","78","YVELINES",2,"Jean-Noël BARROT"
"78003","78","YVELINES",3,"Béatrice PIRON"
"78004","78","YVELINES",4,"Marie LEBEC"
"78005","78","YVELINES",5,"Yael BRAUN-PIVET"
"78006","78","YVELINES",6,"Natalia POUZYREFF"
"78007","78","YVELINES",7,"Michèle de VAUCOULEURS"
"78008","78","YVELINES",8,"Khadija MOUDNIB"
"78010","78","YVELINES",10,"Aurore BERGE"
"78011","78","YVELINES",11,"Nadia HAI"
"78012","78","YVELINES",12,"Florence GRANJUS"
"79001","79","DEUX-SEVRES",1,"Guillaume CHICHE"
"79002","79","DEUX-SEVRES",2,"Christine-Nelly HEINTZ"
"79003","79","DEUX-SEVRES",3,"Jean-Marie FIEVET"
"80001","80","SOMME",1,"Nicolas DUMONT"
"80002","80","SOMME",2,"Barbara POMPILI"
"80004","80","SOMME",4,"Jean Claude LECLABART"
"80005","80","SOMME",5,"Thierry VINDEVOGEL"
"81002","81","TARN",2,"Marie-Christine VERDIER JOUCLAS"
"81003","81","TARN",3,"Jean TERLIER"
"82001","82","TARN-ET-GARONNE",1,"Pierre MARDEGAN"
"83001","83","VAR",1,"Mourad BOUDJELLAL"
"83002","83","VAR",2,"Cécile MUSCHOTTI"
"83003","83","VAR",3,"Alexandre ZAPOLSKI"
"83004","83","VAR",4,"Solveig SEREINE MAUBORGNE"
"83006","83","VAR",6,"Valérie GOMEZ-BASSAC"
"83007","83","VAR",7,"Emilie GUEREL"
"83008","83","VAR",8,"Fabien MATRAS"
"84001","84","VAUCLUSE",1,"Jean-Francois CESARINI"
"84002","84","VAUCLUSE",2,"Sonia STRAPELIAS"
"84003","84","VAUCLUSE",3,"Brune POIRSON"
"84004","84","VAUCLUSE",4,"Anthony ZILIO"
"84005","84","VAUCLUSE",5,"Jean VIARD"
"85003","85","VENDEE",3,"Stéphane BUCHOU"
"85005","85","VENDEE",5,"Pierre HENRIET"
"86001","86","VIENNE",1,"Jacques SAVATIER"
"86002","86","VIENNE",2,"Sacha HOULIE"
"86003","86","VIENNE",3,"Jean-Michel CLEMENT"
"87001","87","HAUTE-VIENNE",1,"Sophie BEAUDOUIN-HUBIERE"
"87002","87","HAUTE-VIENNE",2,"Jean Baptiste DJEBBARI"
"87003","87","HAUTE-VIENNE",3,"Marie-Ange MAGNE"
"88001","88","VOSGES",1,"Alisson HAMELIN"
"88002","88","VOSGES",2,"Christine URBES"
"88003","88","VOSGES",3,"Claude THIRARD"
"88004","88","VOSGES",4,"Raynald MAGNIEN COEURDACIER"
"89001","89","YONNE",1,"Paulo DA SILVA MOREIRA"
"89002","89","YONNE",2,"Jean-Yves CAULLET"
"89003","89","YONNE",3,"Michèle CROUZET"
"90002","90","TERRITOIRE DE BELFORT",2,"Bruno KERN"
"91003","91","ESSONNE",3,"Laetitia ROMEIRO DIAS"
"91004","91","ESSONNE",4,"Marie-Pierre RIXAIN"
"91005","91","ESSONNE",5,"Cédric VILLANI"
"91006","91","ESSONNE",6,"Amélie DE MONTCHALIN"
"91007","91","ESSONNE",7,"Murielle KERNREUTER"
"91008","91","ESSONNE",8,"Antoine PAVAMANI"
"91009","91","ESSONNE",9,"Marie GUEVENOUX"
"91010","91","ESSONNE",10,"Pierre-Alain RAPHAN"
"92001","92","HAUTS-DE-SEINE",1,"Isia KHALFI"
"92002","92","HAUTS-DE-SEINE",2,"Adrien TAQUET"
"92003","92","HAUTS-DE-SEINE",3,"Christine HENNION"
"92004","92","HAUTS-DE-SEINE",4,"Isabelle FLORENNES"
"92006","92","HAUTS-DE-SEINE",6,"Laurent ZAMECZKOWSKI"
"92010","92","HAUTS-DE-SEINE",10,"Gabriel ATTAL"
"92011","92","HAUTS-DE-SEINE",11,"Laurianne ROSSI"
"92013","92","HAUTS-DE-SEINE",13,"Frédérique DUMAS"
"93002","93","SEINE-SAINT-DENIS",2,"Véronique AVRIL"
"93003","93","SEINE-SAINT-DENIS",3,"Patrice ANATO"
"93004","93","SEINE-SAINT-DENIS",4,"Prisca THEVENOT"
"93005","93","SEINE-SAINT-DENIS",5,"Malika MAALEM"
"93006","93","SEINE-SAINT-DENIS",6,"Alexandre AIDARA"
"93007","93","SEINE-SAINT-DENIS",7,"Halima MENNOUDJ"
"93008","93","SEINE-SAINT-DENIS",8,"Sylvie CHARRIERE"
"93009","93","SEINE-SAINT-DENIS",9,"Jeanne DROMARD"
"93010","93","SEINE-SAINT-DENIS",10,"Billel OUADAH"
"93011","93","SEINE-SAINT-DENIS",11,"Elsa WANLIN"
"93012","93","SEINE-SAINT-DENIS",12,"Stéphane TESTE"
"94001","94","VAL-DE-MARNE",1,"Frédéric DESCROZAILLE"
"94003","94","VAL-DE-MARNE",3,"Laurent SAINT MARTIN"
"94005","94","VAL-DE-MARNE",5,"Nadine RET"
"94006","94","VAL-DE-MARNE",6,"Guillaume GOUFFIER CHA"
"94007","94","VAL-DE-MARNE",7,"Jean-Jacques BRIDEY"
"94008","94","VAL-DE-MARNE",8,"Jennifer DOUIEB NAHON"
"94010","94","VAL-DE-MARNE",10,"Sheerazed BOULKROUN"
"94011","94","VAL-DE-MARNE",11,"Albane GAILLOT"
"95001","95","VAL-D'OISE",1,"Isabelle MULLER-QUOY"
"95002","95","VAL-D'OISE",2,"Guillaume VUILLETET"
"95004","95","VAL-D'OISE",4,"Naima MOUTCHOU"
"95005","95","VAL-D'OISE",5,"Fiona LAZAAR"
"95007","95","VAL-D'OISE",7,"Dominique DA SILVA"
"95008","95","VAL-D'OISE",8,"François PUPPONI"
"95009","95","VAL-D'OISE",9,"Zivka PARK"
"95010","95","VAL-D'OISE",10,"Aurélien TACHE"
"99901",999,"FRANCAIS DE L'ETRANGER",1,"Rolland LESCURE"
"99902",999,"FRANCAIS DE L'ETRANGER",2,"Paola FORTEZA"
"99904",999,"FRANCAIS DE L'ETRANGER",4,"Pieyre Alexandre ANGLADE"
"99905",999,"FRANCAIS DE L'ETRANGER",5,"Samantha CAZEBONNE"
"99906",999,"FRANCAIS DE L'ETRANGER",6,"Joachim SON FORGET"
"99907",999,"FRANCAIS DE L'ETRANGER",7,"Frédéric PETIT"
"99908",999,"FRANCAIS DE L'ETRANGER",8,"Florence DRORY"
"99909",999,"FRANCAIS DE L'ETRANGER",9,"Augustin AUGIER"
"99910",999,"FRANCAIS DE L'ETRANGER",10,"Amal Amélia LAKRAFI"
"99911",999,"FRANCAIS DE L'ETRANGER",11,"Anne GENETET"
"ZA001",971,"GUADELOUPE",1,"Olivier SERVA"
"ZB001",972,"MARTINIQUE",1,"Chantal MAGNANT"
"ZB003",972,"MARTINIQUE",3,"Max ORVILLE"
"ZD005",974,"LA REUNION",5,"Léopoldine SETTAMA-VIDON"
"ZD007",974,"LA REUNION",7,"Thierry ROBERT"
"ZX001",977,"SAINT-MARTIN/SAINT-BARTHELEMY",1,"Ines BOUCHAUT CHOISY"
